snapshot_date,observed_at,selection_position,product_id,handle,listing_title,title_family_label,source_condition_phrase,source_published_at,source_url,source_kind,independent_compatibility_test
2026-10-03,2026-10-03T18:51:27+08:00,1,8934584582321,genuine-oem-pulled-dji-goggles-integra-middle-frame,DJI Goggles Integra Middle Frame - OEM-pulled,Goggles,OEM-pulled,2026-01-10T15:23:19+08:00,https://reboot-hub.com/products/genuine-oem-pulled-dji-goggles-integra-middle-frame,supplier_published_listing,not_performed
2026-10-03,2026-10-03T18:51:27+08:00,2,9133306413233,dji-air-3s-gimbal-vibration-absorbing-board-oem-pulled,DJI Air 3S Gimbal Vibration Absorbing Board - OEM-pulled,Air,OEM-pulled,2026-09-12T00:14:02+08:00,https://reboot-hub.com/products/dji-air-3s-gimbal-vibration-absorbing-board-oem-pulled,supplier_published_listing,not_performed
2026-10-03,2026-10-03T18:51:27+08:00,3,9104352182449,genuine-oem-pulled-dji-goggles-2-i-o-port-board-assembly,DJI Goggles 2 I/O Port Board Assembly - OEM-pulled,Goggles,OEM-pulled,2026-08-19T18:25:13+08:00,https://reboot-hub.com/products/genuine-oem-pulled-dji-goggles-2-i-o-port-board-assembly,supplier_published_listing,not_performed
2026-10-03,2026-10-03T18:51:27+08:00,4,9067558928561,dji-air-3s-motherboard-oem-pulled,DJI Air 3S Motherboard - OEM-pulled,Air,OEM-pulled,2026-07-07T10:42:59+08:00,https://reboot-hub.com/products/dji-air-3s-motherboard-oem-pulled,supplier_published_listing,not_performed
2026-10-03,2026-10-03T18:51:27+08:00,5,8934592970929,genuine-oem-pulled-dji-matrice-300-350-series-downward-gimbal-psdk-port-cover-left,DJI Matrice 300/350 Series Downward Gimbal PSDK Port Cover (Left) - OEM-pulled,Matrice,OEM-pulled,2026-06-24T01:33:36+08:00,https://reboot-hub.com/products/genuine-oem-pulled-dji-matrice-300-350-series-downward-gimbal-psdk-port-cover-left,supplier_published_listing,not_performed
2026-10-03,2026-10-03T18:51:27+08:00,6,8934588940465,genuine-oem-pulled-dji-matrice-600-arm-angle-calibrator,DJI Matrice 600 Aircraft Arm Angle Calibrator - OEM-pulled,Matrice,OEM-pulled,2026-06-24T03:23:39+08:00,https://reboot-hub.com/products/genuine-oem-pulled-dji-matrice-600-arm-angle-calibrator,supplier_published_listing,not_performed
2026-10-03,2026-10-03T18:51:27+08:00,7,8934588154033,genuine-oem-pulled-dji-matrice-350-arm-connector-m3,DJI Matrice 350 Arm Connector (M3) - OEM-pulled,Matrice,OEM-pulled,2026-06-24T03:23:26+08:00,https://reboot-hub.com/products/genuine-oem-pulled-dji-matrice-350-arm-connector-m3,supplier_published_listing,not_performed
2026-10-03,2026-10-03T18:51:27+08:00,8,8934587760817,genuine-oem-pulled-dji-matrice-600-usb-connection-cable,DJI Matrice 600 USB connection cable - OEM-pulled,Matrice,OEM-pulled,2026-06-24T03:23:18+08:00,https://reboot-hub.com/products/genuine-oem-pulled-dji-matrice-600-usb-connection-cable,supplier_published_listing,not_performed
2026-10-03,2026-10-03T18:51:27+08:00,9,8934587007153,genuine-oem-pulled-dji-matrice-300-350-battery-locker-module,DJI Matrice 300/350 Battery Locker Module - OEM-pulled,Matrice,OEM-pulled,2026-06-24T03:24:07+08:00,https://reboot-hub.com/products/genuine-oem-pulled-dji-matrice-300-350-battery-locker-module,supplier_published_listing,not_performed
2026-10-03,2026-10-03T18:51:27+08:00,10,8934584615089,genuine-oem-pulled-dji-goggles-integra-lower-shell,DJI Goggles Integra Lower Shell - OEM-pulled,Goggles,OEM-pulled,2026-01-10T15:23:19+08:00,https://reboot-hub.com/products/genuine-oem-pulled-dji-goggles-integra-lower-shell,supplier_published_listing,not_performed
2026-10-03,2026-10-03T18:51:27+08:00,11,8934584320177,genuine-oem-pulled-dji-goggles-integra-front-shell-module,DJI Goggles Integra Front Shell Module - OEM-pulled,Goggles,OEM-pulled,2026-01-10T15:23:20+08:00,https://reboot-hub.com/products/genuine-oem-pulled-dji-goggles-integra-front-shell-module,supplier_published_listing,not_performed
2026-10-03,2026-10-03T18:51:27+08:00,12,8934583828657,genuine-oem-pulled-dji-goggles-integra-rear-shell-module,DJI Goggles Integra Rear Shell Module - OEM-pulled,Goggles,OEM-pulled,2026-01-10T15:23:23+08:00,https://reboot-hub.com/products/genuine-oem-pulled-dji-goggles-integra-rear-shell-module,supplier_published_listing,not_performed
2026-10-03,2026-10-03T18:51:27+08:00,13,8934583402673,genuine-oem-pulled-dji-fpv-goggles-v2-display-core-board-flexible-flat-cable,DJI FPV Goggles V2 Display to Core Board Flexible Flat Cable - OEM-pulled,Goggles,OEM-pulled,2026-01-10T15:23:26+08:00,https://reboot-hub.com/products/genuine-oem-pulled-dji-fpv-goggles-v2-display-core-board-flexible-flat-cable,supplier_published_listing,not_performed
2026-10-03,2026-10-03T18:51:27+08:00,14,8934583337137,genuine-oem-pulled-dji-fpv-goggles-v2-button-board,DJI FPV Goggles V2 Button Board - OEM-pulled,Goggles,OEM-pulled,2026-01-10T15:23:27+08:00,https://reboot-hub.com/products/genuine-oem-pulled-dji-fpv-goggles-v2-button-board,supplier_published_listing,not_performed
2026-10-03,2026-10-03T18:51:27+08:00,15,8934577701041,genuine-oem-pulled-dji-rc-n2-3-shutter-record-button,DJI RC-N2/3 Shutter/Record Button - OEM-pulled,Other title family,OEM-pulled,2026-01-10T15:22:36+08:00,https://reboot-hub.com/products/genuine-oem-pulled-dji-rc-n2-3-shutter-record-button,supplier_published_listing,not_performed
2026-10-03,2026-10-03T18:51:27+08:00,16,8934576423089,genuine-oem-pulled-dji-fpv-remote-controller-2-shutter-record-button-board,DJI FPV Remote Controller 2 Shutter/Record Button Board - OEM-pulled,Other title family,OEM-pulled,2026-01-10T15:22:46+08:00,https://reboot-hub.com/products/genuine-oem-pulled-dji-fpv-remote-controller-2-shutter-record-button-board,supplier_published_listing,not_performed
2026-10-03,2026-10-03T18:51:27+08:00,17,8934528614577,genuine-oem-pulled-mavic-2-front-arm-axis-left,DJI Mavic 2 Front Arm Axis (Left) - OEM-pulled,Mavic,OEM-pulled,2026-01-10T15:21:21+08:00,https://reboot-hub.com/products/genuine-oem-pulled-mavic-2-front-arm-axis-left,supplier_published_listing,not_performed
2026-10-03,2026-10-03T18:51:27+08:00,18,8934521929905,genuine-oem-pulled-mavic-2-front-arm-axis-right,DJI Mavic 2 Front Arm Axis (Right) - OEM-pulled,Mavic,OEM-pulled,2026-01-10T15:21:21+08:00,https://reboot-hub.com/products/genuine-oem-pulled-mavic-2-front-arm-axis-right,supplier_published_listing,not_performed
2026-10-03,2026-10-03T18:51:27+08:00,19,9158364496049,dji-inspire-3-long-connecting-arm-left-oem-pulled,DJI Inspire 3 Long Connecting Arm Left - OEM-pulled,Inspire,OEM-pulled,2026-10-03T17:36:20+08:00,https://reboot-hub.com/products/dji-inspire-3-long-connecting-arm-left-oem-pulled,supplier_published_listing,not_performed
2026-10-03,2026-10-03T18:51:27+08:00,20,9158364430513,dji-inspire-3-short-connecting-arm-left-oem-pulled,DJI Inspire 3 Short Connecting Arm Left - OEM-pulled,Inspire,OEM-pulled,2026-10-03T17:37:25+08:00,https://reboot-hub.com/products/dji-inspire-3-short-connecting-arm-left-oem-pulled,supplier_published_listing,not_performed
2026-10-03,2026-10-03T18:51:27+08:00,21,9158364561585,dji-inspire-3-gimbal-rubber-dampers-3-pack-oem-pulled,DJI Inspire 3 Gimbal Rubber Dampers (3-Pack) - OEM-pulled,Inspire,OEM-pulled,2026-10-03T16:58:57+08:00,https://reboot-hub.com/products/dji-inspire-3-gimbal-rubber-dampers-3-pack-oem-pulled,supplier_published_listing,not_performed
2026-10-03,2026-10-03T18:51:27+08:00,22,9158364528817,dji-inspire-3-long-connecting-arm-right-oem-pulled,DJI Inspire 3 Long Connecting Arm Right - OEM-pulled,Inspire,OEM-pulled,2026-10-03T17:35:52+08:00,https://reboot-hub.com/products/dji-inspire-3-long-connecting-arm-right-oem-pulled,supplier_published_listing,not_performed
2026-10-03,2026-10-03T18:51:27+08:00,23,9158364463281,dji-inspire-3-short-connecting-arm-right-oem-pulled,DJI Inspire 3 Short Connecting Arm Right - OEM-pulled,Inspire,OEM-pulled,2026-10-03T17:36:44+08:00,https://reboot-hub.com/products/dji-inspire-3-short-connecting-arm-right-oem-pulled,supplier_published_listing,not_performed
2026-10-03,2026-10-03T18:51:27+08:00,24,9148938518705,dji-mini-2-se-camera-lens-core-oem-pulled,DJI Mini 2 SE Camera Lens Core - OEM-pulled,Mini,OEM-pulled,2026-09-23T14:29:27+08:00,https://reboot-hub.com/products/dji-mini-2-se-camera-lens-core-oem-pulled,supplier_published_listing,not_performed
2026-10-03,2026-10-03T18:51:27+08:00,25,9148938485937,dji-mini-4k-battery-cover-oem-pulled,DJI Mini 4K Battery Cover - OEM-pulled,Mini,OEM-pulled,2026-09-23T14:29:21+08:00,https://reboot-hub.com/products/dji-mini-4k-battery-cover-oem-pulled,supplier_published_listing,not_performed
2026-10-03,2026-10-03T18:51:27+08:00,26,9148938453169,dji-mini-4k-heat-sink-oem-pulled,DJI Mini 4K Heat Sink - OEM-pulled,Mini,OEM-pulled,2026-09-23T14:29:17+08:00,https://reboot-hub.com/products/dji-mini-4k-heat-sink-oem-pulled,supplier_published_listing,not_performed
2026-10-03,2026-10-03T18:51:27+08:00,27,9148938354865,dji-mini-se-camera-lens-core-oem-pulled,DJI Mini SE Camera Lens Core - OEM-pulled,Mini,OEM-pulled,2026-09-23T14:29:03+08:00,https://reboot-hub.com/products/dji-mini-se-camera-lens-core-oem-pulled,supplier_published_listing,not_performed
2026-10-03,2026-10-03T18:51:27+08:00,28,9148938387633,dji-mini-se-heat-sink-oem-pulled,DJI Mini SE Heat Sink - OEM-pulled,Mini,OEM-pulled,2026-09-23T14:29:07+08:00,https://reboot-hub.com/products/dji-mini-se-heat-sink-oem-pulled,supplier_published_listing,not_performed
2026-10-03,2026-10-03T18:51:27+08:00,29,9148938420401,dji-mini-2-se-heat-sink-oem-pulled,DJI Mini 2 SE Heat Sink - OEM-pulled,Mini,OEM-pulled,2026-09-23T14:29:13+08:00,https://reboot-hub.com/products/dji-mini-2-se-heat-sink-oem-pulled,supplier_published_listing,not_performed
2026-10-03,2026-10-03T18:51:27+08:00,30,9148938289329,dji-mini-2-gimbal-vibration-plate-with-dampers-oem-pulled,DJI Mini 2 Gimbal Vibration Plate with Dampers - OEM-pulled,Mini,OEM-pulled,2026-09-23T14:28:54+08:00,https://reboot-hub.com/products/dji-mini-2-gimbal-vibration-plate-with-dampers-oem-pulled,supplier_published_listing,not_performed
