product_id,source_url,http_status,visible_title_matches,checked_at
8934584582321,https://reboot-hub.com/products/genuine-oem-pulled-dji-goggles-integra-middle-frame,200,True,2026-10-03T18:51:30+08:00
9133306413233,https://reboot-hub.com/products/dji-air-3s-gimbal-vibration-absorbing-board-oem-pulled,200,True,2026-10-03T18:51:30+08:00
9104352182449,https://reboot-hub.com/products/genuine-oem-pulled-dji-goggles-2-i-o-port-board-assembly,200,True,2026-10-03T18:51:30+08:00
9067558928561,https://reboot-hub.com/products/dji-air-3s-motherboard-oem-pulled,200,True,2026-10-03T18:51:30+08:00
8934592970929,https://reboot-hub.com/products/genuine-oem-pulled-dji-matrice-300-350-series-downward-gimbal-psdk-port-cover-left,200,True,2026-10-03T18:51:32+08:00
8934588940465,https://reboot-hub.com/products/genuine-oem-pulled-dji-matrice-600-arm-angle-calibrator,200,True,2026-10-03T18:51:32+08:00
8934588154033,https://reboot-hub.com/products/genuine-oem-pulled-dji-matrice-350-arm-connector-m3,200,True,2026-10-03T18:51:32+08:00
8934587760817,https://reboot-hub.com/products/genuine-oem-pulled-dji-matrice-600-usb-connection-cable,200,True,2026-10-03T18:51:32+08:00
8934587007153,https://reboot-hub.com/products/genuine-oem-pulled-dji-matrice-300-350-battery-locker-module,200,True,2026-10-03T18:51:34+08:00
8934584615089,https://reboot-hub.com/products/genuine-oem-pulled-dji-goggles-integra-lower-shell,200,True,2026-10-03T18:51:34+08:00
8934584320177,https://reboot-hub.com/products/genuine-oem-pulled-dji-goggles-integra-front-shell-module,200,True,2026-10-03T18:51:34+08:00
8934583828657,https://reboot-hub.com/products/genuine-oem-pulled-dji-goggles-integra-rear-shell-module,200,True,2026-10-03T18:51:34+08:00
8934583402673,https://reboot-hub.com/products/genuine-oem-pulled-dji-fpv-goggles-v2-display-core-board-flexible-flat-cable,200,True,2026-10-03T18:51:36+08:00
8934583337137,https://reboot-hub.com/products/genuine-oem-pulled-dji-fpv-goggles-v2-button-board,200,True,2026-10-03T18:51:37+08:00
8934577701041,https://reboot-hub.com/products/genuine-oem-pulled-dji-rc-n2-3-shutter-record-button,200,True,2026-10-03T18:51:36+08:00
8934576423089,https://reboot-hub.com/products/genuine-oem-pulled-dji-fpv-remote-controller-2-shutter-record-button-board,200,True,2026-10-03T18:51:37+08:00
8934528614577,https://reboot-hub.com/products/genuine-oem-pulled-mavic-2-front-arm-axis-left,200,True,2026-10-03T18:51:38+08:00
8934521929905,https://reboot-hub.com/products/genuine-oem-pulled-mavic-2-front-arm-axis-right,200,True,2026-10-03T18:51:38+08:00
9158364496049,https://reboot-hub.com/products/dji-inspire-3-long-connecting-arm-left-oem-pulled,200,True,2026-10-03T18:51:39+08:00
9158364430513,https://reboot-hub.com/products/dji-inspire-3-short-connecting-arm-left-oem-pulled,200,True,2026-10-03T18:51:39+08:00
9158364561585,https://reboot-hub.com/products/dji-inspire-3-gimbal-rubber-dampers-3-pack-oem-pulled,200,True,2026-10-03T18:51:40+08:00
9158364528817,https://reboot-hub.com/products/dji-inspire-3-long-connecting-arm-right-oem-pulled,200,True,2026-10-03T18:51:40+08:00
9158364463281,https://reboot-hub.com/products/dji-inspire-3-short-connecting-arm-right-oem-pulled,200,True,2026-10-03T18:51:41+08:00
9148938518705,https://reboot-hub.com/products/dji-mini-2-se-camera-lens-core-oem-pulled,200,True,2026-10-03T18:51:41+08:00
9148938485937,https://reboot-hub.com/products/dji-mini-4k-battery-cover-oem-pulled,200,True,2026-10-03T18:51:41+08:00
9148938453169,https://reboot-hub.com/products/dji-mini-4k-heat-sink-oem-pulled,200,True,2026-10-03T18:51:42+08:00
9148938354865,https://reboot-hub.com/products/dji-mini-se-camera-lens-core-oem-pulled,200,True,2026-10-03T18:51:42+08:00
9148938387633,https://reboot-hub.com/products/dji-mini-se-heat-sink-oem-pulled,200,True,2026-10-03T18:51:43+08:00
9148938420401,https://reboot-hub.com/products/dji-mini-2-se-heat-sink-oem-pulled,200,True,2026-10-03T18:51:43+08:00
9148938289329,https://reboot-hub.com/products/dji-mini-2-gimbal-vibration-plate-with-dampers-oem-pulled,200,True,2026-10-03T18:51:44+08:00
